4340	5470	M
3110	4330	AA
3060	3100	M
2250	3050	*SIL
13190	13360	CH
13160	13180	ER
13040	13150	S
13010	13030	*SIL
12240	13000	AA
5470	12230	M
15960	16170	T
15810	15950	AW
15730	15800	B
15660	15720	AH
15630	15650	*SIL
15440	15620	UW
15400	15430	Y
15360	15390	DH
15320	15350	IH
15240	15310	W
15180	15230	K
15030	15170	AO
14920	15020	T
14870	14910	AH
14810	14860	T
14780	14800	K
14710	14770	AY
14630	14700	L
14560	14620	AY
13360	14550	*SIL
20030	20160	*SIL
19640	20020	Z
19480	19630	R
19440	19470	IH
19340	19430	Y
19280	19330	D
19180	19270	ER
19140	19170	D
19110	19130	N
19060	19100	AH
18990	19050	HH
18860	18980	UW
18720	18850	T
18680	18710	N
18620	18670	AH
18560	18610	DH
18500	18550	R
18390	18490	AO
18340	18380	M
18300	18330	ER
16170	18290	F
24930	24970	T
24850	24920	AY
24770	24840	N
24710	24760	ER
24650	24700	DH
24590	24640	AH
24540	24580	ER
24450	24530	V
24390	24440	OW
24300	24380	JH
24230	24290	AH
24180	24220	N
24060	24170	AE
24000	24050	V
23960	23990	D
23900	23950	AH
23810	23890	S
23760	23800	AH
23710	23750	D
23660	23700	N
23590	23650	EH
23460	23580	M
23410	23450	AH
23370	23400	R
23270	23360	T
23140	23260	EY
23030	23130	S
22960	23020	AH
22920	22950	N
22890	22910	AH
22850	22880	V
22810	22840	IH
22740	22800	G
22680	22730	Z
22630	22670	AH
22600	22620	HH
22540	22590	D
22470	22530	L
22410	22460	ER
22320	22400	W
22290	22310	AH
22250	22280	DH
22210	22240	N
22140	22200	AW
22080	22130	ER
22010	22070	M
21980	22000	AH
21950	21970	R
21880	21940	F
21830	21870	S
21800	21820	T
21770	21790	N
21730	21760	AH
21670	21720	R
21620	21660	G
21570	21610	AH
21530	21560	M
21430	21520	IH
21280	21420	NG
21220	21270	IH
21170	21210	M
21140	21160	AH
21080	21130	K
20980	21070	L
20950	20970	EH
20890	20940	W
20820	20880	V
20780	20810	AH
20740	20770	N
20700	20730	AH
20600	20690	SH
20520	20590	IH
20470	20510	D
20420	20460	AH
20380	20410	R
20310	20370	T
20160	20300	AH
27170	27380	L
27130	27160	AH
27090	27120	F
26990	27080	TH
26910	26980	UW
26830	26900	Y
26740	26820	S
26680	26730	AH
26630	26670	T
26590	26620	P
26520	26580	EH
26470	26510	K
26430	26460	S
26390	26420	T
24970	26380	IH
28550	28670	*SIL
28410	28540	K
28340	28400	IH
28280	28330	M
28160	28270	AE
28060	28150	N
27990	28050	AY
27910	27980	D
27380	27900	*SIL
29980	30140	*SIL
29720	29970	R
29660	29710	UH
29630	29650	N
29600	29620	AH
29570	29590	R
29510	29560	P
29450	29500	AH
29410	29440	R
29360	29400	T
29320	29350	N
29230	29310	AA
29190	29220	N
29100	29180	AH
28670	28670	*SIL
35070	35190	*SIL
35000	35060	T
34890	34990	S
34860	34880	AA
34830	34850	K
34780	34820	*SIL
34710	34770	L
34660	34700	AH
34600	34650	B
34570	34590	AH
34470	34560	S
34380	34460	AA
34330	34370	P
34280	34320	T
34240	34270	S
34200	34230	AH
34170	34190	OW
34120	34160	L
34070	34110	T
34030	34060	AH
33980	34020	M
33940	33970	IH
33820	33930	L
33750	33810	D
33700	33740	UH
33610	33690	W
33580	33600	*SIL
33320	33570	L
33270	33310	AH
33200	33260	P
33110	33190	IY
32970	33100	P
32890	32960	EY
32820	32880	Z
3274002	32810	AE
3258002	32730	ER
32520	32570	T
32480	325098	K
324398	3247002	IH
323498	32430	R
32290	32340	EH
32160	322798	K
32090	3215002	R
320298	3208002	AA
31940	32020	T
31870	31930	P
31740	31860	EY
31590	31730	SH
31520	31580	Z
31470	31510	AE
31430	31460	HH
31400	31420	T
31300	31390	IH
30140	31290	*SIL
37580	37780	T
37480	37570	AH
37400	37470	B
37330	37390	T
37200	37320	S
36980	37190	AE
36840	36970	P
36770	36830	R
36720	36760	AA
36620	36710	AY
36570	36610	B
36540	36560	T
36490	36530	P
36420	36480	AE
36350	36410	R
36250	36340	T
36190	36240	L
36160	36180	AY
35190	36150	L
40220	40360	*SIL
40050	40210	Z
39880	40040	UW
39740	39870	CH
39670	39730	IY
39580	39660	W
39500	39570	Z
39330	39490	AE
39240	39320	Z
39210	39230	V
39120	39200	L
39050	39110	EH
38940	39040	S
38860	38930	R
38810	38850	AA
38720	38800	K
38610	38710	EY
38510	38600	M
38450	38500	IY
38380	38440	R
38260	38370	UW
38220	38250	T
38170	38210	L
38130	38160	AH
38080	38120	B
37930	38070	EY
37780	37780	*SIL
44100	44330	L
44030	44090	AO
43930	44020	B
43860	43920	Z
43710	43850	IH
43640	43700	M
43590	43630	AH
43530	43580	T
43470	43520	S
43410	43460	IH
43300	43400	S
43260	43290	N
43220	43250	AH
43130	43210	SH
43070	43120	EY
43000	43060	R
42940	42990	G
42890	42930	AH
42840	42880	M
42700	42830	IH
42640	42690	R
42530	42630	AA
42500	42520	*SIL
42100	42490	EY
42010	42090	D
41970	42000	AH
40360	41960	T
45920	46070	*SIL
45760	45910	Z
45630	45750	OW
45560	45620	N
45520	45550	IY
45460	45510	D
45420	45450	AA
45360	45410	B
45330	45350	IY
45270	45320	R
45220	45260	V
45030	45210	EH
44330	45020	*SIL
49370	49530	*SIL
49220	49360	EY
49100	49210	W
49040	49090	T
48960	49030	AY
48870	48950	R
48790	48860	AH
48760	48780	DH
48720	48750	IY
48650	48710	R
48590	48640	T
48560	48580	N
48490	48550	AH
48420	48480	K
48350	48410	R
48320	48340	AA
48190	48310	R
48100	48180	EH
48000	48090	W
47910	47990	Z
47870	47900	IY
47810	47860	L
47740	47800	M
47630	47730	AE
46070	47620	F
51600	51730	*SIL
51430	51590	Z
51310	51420	ER
51250	51300	DH
51120	51240	AH
51060	51110	CH
50970	51050	AA
50890	50960	W
50860	50880	*SIL
50590	50850	Z
50450	50580	L
50370	50440	UW
50250	50360	R
50190	50240	AH
50140	50180	DH
50080	50130	AY
49990	50070	B
49940	49980	EY
49860	49930	L
49530	49850	P
52540	52700	*SIL
52350	52530	Z
52250	52340	L
52220	52240	UW
52110	52210	R
52050	52100	AH
52010	52040	DH
51730	52000	*SIL
58180	58410	T
58030	58170	OY
57970	58020	L
57890	57960	P
57760	57880	S
57700	57750	K
57660	57690	EH
57620	57650	N
57580	57610	AH
57520	57570	SH
57450	57510	IH
57370	57440	T
57320	57360	AH
57280	57310	P
57240	57270	M
57160	57230	AA
57080	57150	K
57020	57070	AH
56850	57010	DH
56600	56840	IY
56510	56590	S
56480	56500	S
56410	56470	T
56380	56400	IH
56310	56370	F
56260	56300	AH
56210	56250	N
56160	56200	EH
56120	56150	B
56070	56110	D
56030	56060	N
56000	56020	AH
55930	55990	Z
55830	55920	AH
55760	55820	JH
55660	55750	EY
55540	55650	W
55500	55530	D
55460	55490	UH
55390	55450	G
55320	55380	Z
55270	55310	ER
55200	55260	K
55140	55190	ER
55040	55130	W
54970	55030	AH
54900	54960	DH
54850	54890	ER
54810	54840	F
54750	54800	R
54660	54740	AA
54580	54650	UW
54540	54570	HH
54440	54530	Z
54350	54430	ER
54280	54340	N
54160	54270	OW
54080	54150	S
54040	54070	IH
54010	54030	N
53940	54000	Z
53870	53930	IH
53790	53860	B
52700	53780	*SIL
60730	60860	*SIL
60520	60720	S
60450	60510	AE
60360	60440	L
60310	60350	AH
60240	60300	R
60200	60230	AO
60120	60190	F
60060	60110	M
60030	60050	AH
60000	60020	DH
59940	59990	NG
59880	59930	IH
59830	59870	EY
59720	59820	P
59660	59710	AY
59590	59650	B
59540	59580	S
59510	59530	T
59480	59500	N
59450	59470	AH
59410	59440	R
59360	59400	G
59330	59350	AH
59270	59320	M
59220	59260	IH
59160	59210	D
59120	59150	AH
59070	59110	N
59030	59060	EH
58980	59020	M
58940	58970	AH
58910	58930	Y
58830	58900	K
58720	58820	AA
58680	58710	D
58630	58670	D
58590	58620	N
58500	58580	AH
58410	58490	*SIL
63590	63740	*SIL
63310	63580	S
63240	63300	N
63140	63230	EH
63040	63130	F
62980	63030	AH
62920	62970	K
62840	62910	EY
62770	62830	T
62670	62760	S
62580	62660	AH
62550	62570	V
62500	62540	AH
62430	62490	L
62260	62420	AO
60860	62250	*SIL
68390	68530	*+BREATH+
68210	68380	Z
68150	68200	IY
68110	68140	T
68060	68100	AH
67960	68050	L
67900	67950	IH
67800	67890	B
67750	67790	AH
67700	67740	S
67640	67690	N
67540	67630	AA
67470	67530	P
67370	67460	S
67330	67360	IY
67260	67320	R
67220	67250	AH
67180	67210	DH
67130	67170	N
67000	67120	AO
66890	66990	NG
66830	66880	IH
66760	66820	K
66660	66750	EY
66580	66650	T
66450	66570	T
66380	66440	AW
66330	66370	DH
66290	66320	IH
66210	66280	W
66100	66200	AH
66030	66090	K
65980	66020	AH
65880	65970	R
65820	65870	EH
65740	65810	M
65700	65730	AH
65670	65690	N
65620	65660	IH
65590	65610	NG
65540	65580	IH
65500	65530	V
65460	65489	IH
6541004	65449	L
65350	65400	V
65290	65339	AH
6523004	65280	Z
65129	65220	R
6505004	6512004	AO
64830	65040	W
64750	64820	AH
64720	64739	DH
64640	64710	Z
64580	64629	D
64530	64570	IY
6444004	64519	R
64320	64430	UW
64250	64309	HH
64220	64239	N
6416004	64210	AH
64080	64150	W
64019	64070	IY
63970	6401004	N
63860	63960	EH
63740	63850	*SIL
69710	69760	*SIL
69660	69700	AH
69580	69650	K
69530	69570	AH
69460	69520	R
69420	69450	EH
69350	69410	M
69310	69340	AH
69270	69300	N
69220	69260	IH
69170	69210	NG
69110	69160	IH
69070	69100	V
69030	69060	IH
68950	69020	L
68870	68940	V
68770	68860	AH
68530	68530	*+BREATH+
74680	74830	*SIL
74500	74670	Z
74460	74490	IY
74410	74450	T
74380	74400	AH
74320	74370	L
74270	74310	IH
74230	74260	B
74180	74220	AH
74130	74170	S
74090	74120	N
73990	74080	AA
73910	73980	P
73860	73900	S
73820	73850	IY
73770	73810	R
73670	73760	Z
73610	73660	OW
73550	73600	DH
73450	73540	S
73380	73440	EY
73300	73370	R
73230	73290	B
73130	73220	M
73070	73120	EH
73030	73060	IH
72970	73020	T
72940	72960	T
72900	72930	N
72780	72890	AO
72670	72770	W
72610	72660	IY
72550	72600	L
72490	72540	T
72460	72480	AH
72430	72450	R
72350	72420	P
72290	72340	S
72200	72280	EH
72160	72190	D
72100	72150	UW
71990	72090	HH
71920	71980	S
71880	71910	T
71850	71870	N
71820	71840	AH
71760	71810	R
71730	71750	G
71680	71720	AH
71630	71670	M
71580	71620	IH
71510	71570	D
71460	71500	AH
71420	71450	N
71390	71410	EH
71340	71380	M
71300	71330	AH
71270	71290	Y
71200	71260	K
71110	71190	AA
71080	71100	D
71050	71070	D
71020	71040	N
70910	71010	AH
70860	70900	D
70830	70850	N
70750	70820	AH
69760	69760	*SIL
77230	77370	*SIL
77030	77220	Z
76970	77020	OW
76920	76960	D
76790	76910	AE
76680	76780	SH
76630	76670	AH
76600	76620	DH
76550	76590	N
76520	76540	IH
76470	76510	N
76370	76460	EY
76300	76360	M
76250	76290	IH
76210	76240	R
76140	76200	UW
76090	76130	T
76060	76080	T
76020	76050	AH
75970	76010	B
75900	75960	N
75840	75890	AH
75770	75830	SH
75710	75760	P
75560	75700	AA
75460	75550	L
75430	75450	AH
75380	75420	T
75350	75370	IH
75290	75340	L
75190	75280	IY
75070	75180	S
74830	74830	*SIL
79770	79910	*SIL
79720	79760	T
79650	79710	R
79600	79640	AA
79490	79590	P
79450	79480	AH
79410	79440	N
79370	79400	R
79310	79360	AO
79190	79300	T
79090	79180	NG
79060	79080	IH
79020	79050	IY
78950	79010	B
78880	78940	Z
78840	78870	IY
78800	78830	L
78720	78790	M
78600	78710	AE
78510	78590	F
78440	78500	R
78400	78430	EH
78360	78390	DH
78290	78350	K
78170	78280	S
78110	78160	IH
78040	78100	R
77920	78030	R
77860	77910	AO
77370	77850	*+SMACK+
82840	83010	*SIL
82690	82830	Z
82610	82680	D
82540	82600	EY
82460	82530	K
82390	82450	EH
82310	82380	D
82250	82300	ER
82140	82240	F
82010	82130	EY
81890	82000	W
81810	81880	S
81760	81800	IH
81720	81750	DH
81650	81710	N
81600	81640	IH
81520	81590	B
81470	81510	S
81420	81460	T
81370	81410	IH
79910	81360	*SIL
84560	84710	*SIL
84400	84550	Z
84330	84390	D
84220	84320	EY
84120	84210	K
84040	84110	EH
83950	84030	D
83890	83940	ER
83830	83880	F
83720	83820	*+NOISE+
83010	83710	*SIL
85780	85980	T
85610	85770	AW
85540	85600	B
85490	85530	AH
85420	85480	CH
85360	85410	AH
85280	85350	M
85250	85270	N
85180	85240	AH
85140	85170	D
85100	85130	N
85060	85090	AH
85020	85050	V
84980	85010	AE
84910	84970	HH
84880	84900	IY
84800	84870	W
84710	84790	*SIL
91560	91630	*SIL
91520	91550	M
91490	91510	AH
91460	91480	T
91390	91450	S
91300	91380	IH
91240	91290	S
91190	91230	N
91140	91180	AH
91080	91130	SH
91020	91070	EY
90950	91010	R
90890	90940	G
90860	90880	AH
90800	90850	M
90760	90790	IH
90720	90750	N
90680	90710	AH
90610	90670	K
90560	90600	OW
90510	90550	R
90420	90500	B
90350	90410	S
90300	90340	IH
90250	90290	DH
90160	90240	NG
90090	90150	IH
90010	90080	S
89960	90000	K
89900	89950	IH
89780	89890	F
89720	89770	AH
89660	89710	T
89630	89650	*SIL
89380	89620	D
89310	89370	AH
89260	89300	T
89190	89250	IH
89080	89180	M
89020	89070	AH
88920	89010	K
88760	88910	AY
88670	88750	*SIL
88420	88660	S
88310	88410	AH
88240	88300	F
88100	88230	AO
88020	88090	K
87960	88010	UH
87880	87950	T
87780	87870	AY
87750	87770	R
87680	87740	AO
85980	87670	*SIL
95020	95150	*SIL
94820	95010	Z
94780	94810	ER
94720	94770	D
94690	94710	R
94600	94680	AO
94530	94590	B
94450	94520	R
94390	94440	AA
94330	94380	R
94300	94320	UH
94240	94290	Y
94150	94230	K
94090	94140	IH
94010	94080	S
93950	94000	AH
93900	93940	T
93830	93890	D
93730	93820	UH
93600	93720	K
93530	93590	AY
93480	93520	T
93450	93470	AH
93400	93440	W
93360	93390	NG
93320	93350	IH
93220	93310	UW
93150	93210	D
93070	93140	AY
93000	93060	B
92930	92990	N
92770	92920	AE
92690	92760	G
92640	92680	IY
92570	92630	B
92510	92560	AY
92470	92500	D
92440	92460	N
92390	92430	AH
91630	92380	*SIL
100280	100410	*+BREATH+
100120	100270	ER
100070	100110	D
100040	100060	R
99940	100030	AO
99890	99930	B
99810	99880	N
99750	99800	ER
99690	99740	DH
99630	99680	AH
99510	99620	S
99460	99500	R
99410	99450	AA
99350	99400	R
99310	99340	UH
99270	99300	Y
99180	99260	K
99130	99170	IH
99060	99120	S
98980	99050	AH
98930	98970	T
98880	98920	D
98720	98870	OY
98660	98710	L
98530	98650	P
98480	98520	IH
98440	98470	D
98350	98430	IY
98290	98340	JH
98230	98280	AH
98130	98220	L
98040	98120	AA
97980	98030	N
97890	97970	K
97820	97880	EH
97780	97810	T
97740	97770	D
97700	97730	N
97610	97690	AE
97520	97600	S
97490	97510	T
97450	97480	N
97360	97440	AH
97280	97350	JH
97110	97270	EY
97080	97100	*SIL
96990	97070	R
96880	96980	AO
96820	96870	M
96760	96810	V
96710	96750	AE
96630	96700	HH
96560	96620	IY
96450	96550	W
96320	96440	EY
96260	96310	D
96220	96250	AH
96150	96210	T
95150	96140	*SIL
102080	102230	*+SMACK+
102040	102070	IY
101980	102030	R
101880	101970	T
101840	101870	S
101790	101830	IH
101700	101780	HH
101640	101690	R
101590	101630	AA
101550	101580	N
101450	101540	IH
101380	101440	M
101230	101370	AY
101060	101220	T
100950	101050	IY
100900	100940	N
100820	100890	EH
100720	100810	T
100670	100710	AE
100610	100660	N
100570	100600	EH
100520	100560	DH
100410	100510	*SIL
104370	104520	*SIL
104230	104360	Z
104120	104220	R
104080	104110	IH
103990	104070	Y
103920	103980	S
103870	103910	K
103800	103860	IH
103760	103790	S
103730	103750	T
103680	103720	S
103540	103670	AE
103450	103530	P
103410	103440	AH
103370	103400	DH
103330	103360	ER
103290	103320	V
103230	103280	OW
103190	103220	D
103160	103180	N
103110	103150	AH
102230	103100	*SIL
107360	107570	F
107230	107350	AE
107070	107220	HH
107030	107060	N
106980	107020	AH
106920	106970	DH
106860	106910	R
106760	106850	AO
106670	106750	M
106580	106660	AY
106480	106570	B
106380	106470	T
106280	106370	AH
106170	106270	K
106140	106160	*SIL
106070	106130	N
106030	106060	IH
105970	106020	B
105930	105960	V
105850	105920	AE
105810	105840	HH
105780	105800	IH
105700	105770	T
105640	105690	NG
105570	105630	IH
105470	105560	S
105390	105460	AO
105290	105380	R
105230	105280	K
105170	105220	ER
105130	105160	D
105090	105120	R
105000	105080	AO
104920	104990	B
104860	104910	L
104810	104850	AH
104760	104800	G
104720	104750	IY
104620	104710	L
104560	104610	IY
104520	104550	DH
113330	113480	*+SMACK+
113220	113320	ER
113170	113210	D
113130	113160	R
113060	113120	AO
112970	113050	B
112900	112960	R
112840	112890	AA
112800	112830	T
112660	112790	AE
112550	112650	D
112500	112540	AH
112460	112490	D
112430	112450	N
112380	112420	EH
112320	112370	HH
112290	112310	IH
112250	112280	R
112180	112240	P
112060	112170	AE
111960	112050	NG
111920	111950	IH
111880	111910	IY
111820	111870	B
111770	111810	N
111730	111760	AH
111690	111720	R
111650	111680	D
111590	111640	L
111540	111580	IH
111410	111530	CH
111330	111400	IY
111300	111320	N
111270	111290	AH
111230	111260	P
111190	111220	M
111120	111180	AH
111060	111110	K
111020	111050	AH
110980	111010	N
110890	110970	AA
110780	110880	N
110720	110770	IH
110640	110710	K
110530	110630	AY
110440	110520	P
110270	110430	S
110210	110260	IY
110160	110200	R
110050	110150	B
110010	110040	AH
109960	110000	Z
109920	109950	AH
109850	109910	W
109790	109840	R
109760	109780	EH
109700	109750	DH
109560	109690	ER
109500	109550	M
109420	109490	AH
109270	109410	S
109210	109260	AH
109160	109200	DH
109120	109150	V
109060	109110	AH
108980	109050	L
108910	108970	AO
107570	108900	*SIL
117720	117860	*SIL
117520	117710	Z
117410	117510	ER
117320	117400	Y
117200	117310	UW
117090	117190	T
117030	117080	IY
116960	117020	L
116870	116950	R
116820	116860	IH
116780	116810	N
116710	116770	N
116590	116700	IH
116440	116580	N
116320	116430	IH
116220	116310	B
116160	116210	S
116080	116150	T
116050	116070	IH
116020	116040	N
115970	116010	AH
115900	115960	DH
115820	115890	ER
115660	115810	OW
115510	115650	L
115460	115500	IY
115400	115450	L
115290	115390	CH
115250	115280	K
115190	115240	AE
115070	115180	AW
115010	115060	N
114940	115000	Z
114880	114930	IH
114840	114870	N
114810	114830	AH
114770	114800	R
114730	114760	D
114660	114720	L
114620	114650	IH
114530	114610	CH
114440	114520	CH
114340	114430	AH
114260	114330	S
114220	114250	V
114190	114210	AH
114150	114180	ER
114090	114140	B
114050	114080	M
113990	114040	AH
113950	113980	N
113920	113940	AH
113860	113910	DH
113480	113480	*SIL
119420	119730	L
119260	119410	AO
119150	119250	ER
119070	119140	V
118950	119060	OW
117860	118940	*SIL
122450	122690	IY
122360	122440	L
122330	122350	AH
122270	122320	G
122210	122260	IY
122130	122200	L
121980	122120	IH
121900	121970	ER
121850	121890	D
121810	121840	R
121750	121800	AO
121660	121740	B
121590	121650	R
121550	121580	AA
121440	121540	S
121360	121430	AO
121270	121350	R
121170	121260	K
121110	121160	AH
121050	121100	NG
120990	121040	AY
120900	120980	R
120810	120890	T
120720	120800	L
120690	120710	AH
120610	120680	P
120520	120600	IY
120440	120510	P
120380	120430	V
120300	120370	AH
120270	120290	ER
120220	120260	B
120180	120210	M
120110	120170	AH
120050	120100	N
120000	120040	AH
119920	119990	DH
119730	119910	*SIL
125850	125990	*SIL
125640	125840	Z
125610	125630	IY
125540	125600	N
125490	125530	AH
125450	125480	V
125360	125440	EH
125220	125350	S
125150	125210	N
125080	125140	IY
124980	125070	T
124880	124970	N
124800	124870	AY
124700	124790	N
124650	124690	AH
124600	124640	DH
124510	124590	S
124480	124500	N
124400	124470	IH
124240	124390	S
124210	124230	*SIL
124020	124200	L
123980	124010	AH
123940	123970	V
123880	123930	EH
123800	123870	L
123740	123790	T
123680	123730	S
123630	123670	AH
123510	123620	OW
123430	123500	L
123320	123420	S
123260	123310	T
123210	123250	IH
123160	123200	T
123020	123150	AE
122930	123010	Z
122820	122920	IH
122690	122810	*SIL
127600	127760	*SIL
127430	127590	S
127320	127420	K
127180	127310	AE
127060	127170	F
126960	127050	ER
126880	126950	Z
126820	126870	OW
126760	126810	DH
125990	126750	*SIL
131830	131940	*+SMACK+
131730	131820	T
131640	131720	S
131560	131630	K
131500	131550	IH
131410	131490	F
131360	131400	V
131320	131350	IH
131260	131310	S
131210	131250	N
131150	131200	EH
131120	131140	HH
131090	131110	IY
131039	131080	R
1309901	131030	P
1309601	130979	M
1308801	130950	AA
1307701	130869	K
130679	130759	AH
130640	130670	N
130560	1306301	AO
130470	130550	S
130429	1304601	AH
130399	130420	R
130369	130390	G
130330	130360	NG
130220	1303201	AA
130149	1302101	K
1301001	130140	TH
1300701	130090	IH
130030	130060	W
1299901	1300201	T
1299601	129979	K
1298801	129950	ER
129759	129869	W
129700	129750	AY
129610	129690	L
129560	1296001	AY
129479	129550	W
129399	129470	N
129330	129390	IY
129220	1293201	M
127760	1292101	*SIL
135620	135770	*SIL
135490	135610	S
135430	135480	T
135400	135420	N
135360	135390	AH
135320	135350	D
135270	135310	N
135200	135260	EH
135100	135190	P
135050	135090	IH
135020	135040	D
134980	135010	N
134940	134970	IH
134890	134930	D
134860	134880	N
134690	134850	AE
134590	134680	Z
134550	134580	N
134490	134540	AH
134440	134480	K
134390	134430	AH
134360	134380	L
134320	134350	B
134220	134310	AH
134150	134210	P
134090	134140	IY
134030	134080	R
133890	134020	S
133820	133880	T
133740	133810	AE
133650	133730	R
133560	133640	K
133520	133550	AH
133470	133510	M
133400	133460	EH
133360	133390	D
133290	133350	T
133180	133280	EY
133100	133170	IY
133040	133090	T
132980	133030	S
132910	132970	K
132850	132900	IH
132700	132840	S
132660	132690	R
132600	132650	UH
132560	132590	Y
132470	132550	S
132370	132460	EH
132290	132360	L
132250	132280	N
132190	132240	AH
131940	132180	*SIL
138830	138910	*SIL
138790	138820	T
138760	138780	AH
138710	138750	N
138630	138700	EH
138530	138620	S
138480	138520	AH
138450	138470	DH
138360	138440	N
138230	138350	IH
138120	138220	L
138060	138110	IH
137990	138050	B
137920	137980	N
137880	137910	AH
137790	137870	Z
137760	137780	IH
137730	137750	T
137680	137720	R
137600	137670	AA
137490	137590	P
137370	137480	AY
137240	137360	B
137100	137230	EY
136990	137090	S
136830	136980	AE
136700	136820	P
136670	136690	AH
136620	136660	T
136540	136610	ER
136490	136530	DH
136420	136480	EH
136330	136410	G
136280	136320	AH
136250	136270	T
136180	136240	M
136080	136170	EY
135770	136070	K
140820	140870	T
140670	140810	K
140610	140660	IH
140570	140600	F
140430	140560	ER
140390	140420	P
140360	140380	T
140310	140350	N
140280	140300	AH
140230	140270	Z
140180	140220	AA
140110	140170	W
140060	140100	T
140030	140050	IH
138910	140020	*SIL
142550	142710	*SIL
142390	142540	Z
142300	142380	AY
142220	142290	M
142180	142210	AH
142150	142170	R
142120	142140	P
142090	142110	M
141970	142080	AA
141890	141960	K
141860	141880	AH
141820	141850	Z
141780	141810	AH
141750	141770	W
141720	141740	R
141690	141710	EH
140870	141680	DH
144800	144950	*+SMACK+
144610	144790	S
144530	144600	N
144440	144520	EH
144320	144430	S
144270	144310	N
144230	144260	AH
144180	144220	M
144060	144170	AA
143960	144050	K
143870	143950	D
143820	143860	AH
143770	143810	T
143700	143760	K
143630	143690	EH
143590	143620	L
143460	143580	F
143420	143450	AH
143350	143410	R
143260	143340	T
143230	143250	AH
143150	143220	B
142710	143140	*SIL
146420	146640	D
146380	146410	L
146340	146370	AH
146310	146330	B
146220	146300	AH
146150	146210	D
146040	146140	V
146010	146030	AH
145980	146000	D
145950	145970	UH
145870	145940	W
145830	145860	IY
144950	145820	HH
148030	148090	T
148000	148020	N
147960	147990	AH
147890	147950	JH
147830	147880	EY
147740	147820	L
147670	147730	OW
147590	147660	R
147500	147580	T
147460	147490	AH
147400	147450	P
147340	147390	ER
147310	147330	D
147270	147300	R
147190	147260	AO
147090	147180	B
147000	147080	ER
146950	146990	B
146910	146940	M
146860	146900	AH
146810	146850	N
146760	146800	AH
146690	146750	DH
146640	146680	*SIL
150180	150330	*SIL
150100	150170	S
150050	150090	T
150020	150040	N
149990	150010	AH
149950	149980	R
149910	149940	G
149860	149900	AH
149810	149850	M
149760	149800	IH
149690	149750	D
149630	149680	AH
149590	149620	N
149550	149580	EH
149490	149540	M
149460	149480	AH
149430	149450	Y
149360	149420	K
149230	149350	AA
149190	149220	D
149150	149180	D
149110	149140	N
149010	149100	AH
148940	149000	NG
148880	148930	IH
148840	148870	V
148770	148830	IH
148660	148760	G
148610	148650	L
148580	148600	AY
148510	148570	W
148090	148500	*SIL
151940	152020	*SIL
151820	151930	P
151710	151810	IH
151600	151700	SH
151560	151590	N
151520	151550	AH
151440	151510	Z
151390	151430	IH
151360	151380	T
151280	151350	IH
151160	151270	S
151090	151150	AH
151040	151080	T
151000	151030	EY
150890	150990	W
150330	150880	*SIL
153300	153480	*SIL
153190	153290	N
153010	153180	AY
152890	153000	F
152830	152880	R
152700	152820	IH
152650	152690	W
152020	152640	*SIL
155120	155260	*SIL
154960	155110	Z
154870	154950	AH
154810	154860	S
154740	154800	K
154600	154730	AE
154510	154590	T
154460	154500	R
154430	154450	EH
154390	154420	DH
154320	154380	NG
154290	154310	IH
154200	154280	EY
154120	154190	P
154070	154110	D
154020	154060	AH
153980	154010	T
153930	153970	R
153870	153920	AA
153810	153860	T
153480	153800	S
156790	156870	*+BREATH+
156680	156780	N
156560	156670	AY
156410	156550	W
156350	156400	V
156310	156340	AH
156220	156300	K
156110	156210	AE
156030	156100	B
155990	156020	AH
155950	155980	DH
155900	155940	UW
155850	155890	T
155720	155840	T
155690	155710	N
155610	155680	EH
155560	155600	W
155480	155550	D
155440	155470	N
155370	155430	AH
155260	155360	*SIL
160770	161000	NG
160720	160760	IH
160610	160710	M
160510	160600	AA
160430	160500	K
160310	160420	R
160090	160300	AO
159990	160080	M
159920	159980	P
159830	159910	L
159780	159820	EH
159700	159770	HH
159650	159690	D
159620	159640	UH
159540	159610	W
159460	159530	T
159430	159450	IH
159300	159420	T
159240	159290	AH
159200	159230	DH
159100	159190	D
158960	159090	EH
158870	158950	S
158830	158860	S
158790	158820	T
158730	158780	ER
158650	158720	P
158590	158640	S
158550	158580	K
158480	158540	EH
158400	158470	V
158370	158390	AH
158320	158360	N
158250	158310	AH
158180	158240	B
158140	158170	AH
158110	158130	DH
158080	158100	N
158030	158070	IH
157990	158020	D
157960	157980	N
157900	157950	AH
156870	157890	*SIL
162640	162700	*SIL
162540	162630	*SIL
162510	162530	ER
162380	162500	S
162350	162370	*SIL
162320	162340	T
162280	162310	AH
162190	162270	S
162140	162180	AH
162080	162130	F
161980	162070	EH
161930	161970	D
161870	161920	R
161830	161860	AA
161790	161820	K
161760	161780	NG
161730	161750	IH
161680	161720	R
161590	161670	SH
161540	161580	D
161510	161530	N
161460	161500	AH
161000	161450	*SIL
165770	166000	T
165560	165760	AW
165480	165550	L
165400	165470	AO
165280	165390	Z
165230	165270	V
165180	165220	IH
165120	165170	T
165070	165110	AH
165030	165060	N
164950	165020	EH
164890	164940	Z
164850	164880	AH
164820	164840	R
164780	164810	P
164720	164770	EH
164660	164710	R
164620	164650	V
164590	164610	AH
164500	164580	S
164380	164490	AW
164300	164370	HH
164270	164290	AH
164220	164260	DH
164160	164210	*+UM+
162700	164150	*SIL
167140	167300	*SIL
166980	167130	L
166900	166970	IH
166820	166890	B
166740	166810	V
166710	166730	AH
166680	166700	D
166650	166670	N
166540	166640	AY
166000	166530	K
169100	169300	T
169020	169090	OW
168900	169010	V
168810	168890	OW
168730	168800	N
168670	168720	ER
168560	168660	S
168490	168550	EH
168390	168480	Y
168300	168380	L
168210	168290	AH
168160	168200	P
168110	168150	M
168030	168100	IH
167870	168020	S
167760	167860	EY
167300	167750	*SIL
171740	171900	*+SMACK+
171570	171730	Z
171540	171560	IY
171490	171530	T
171430	171480	R
171360	171420	AA
171270	171350	P
171240	171260	TH
171160	171230	OW
171100	171150	B
171050	171090	M
171020	171040	AH
170990	171010	R
170930	170980	F
170900	170920	T
170860	170890	R
170790	170850	AO
170720	170780	P
170660	170710	AH
170610	170650	S
170580	170600	Z
170540	170570	AH
170510	170530	W
170430	170500	T
170380	170420	S
170220	170370	AE
170090	170210	P
170010	170080	ER
169920	170000	W
169880	169910	EY
